{"cameraMode":{"drawMode":0,"name":"Shaded","section":"Shading Mode"},"sceneLighting":false,"audioPlay":false,"sceneViewState":{"m_AlwaysRefresh":true,"showFog":true,"showSkybox":false,"showFlares":true,"showImageEffects":true,"showParticleSystems":true,"showVisualEffectGraphs":true,"m_FxEnabled":true},"in2DMode":false,"pivot":{"x":-0.6334460973739624,"y":0.40009868144989016,"z":0.8887813091278076},"rotation":{"x":-0.07729898393154144,"y":-0.9061846137046814,"z":0.18917980790138246,"w":-0.37026143074035647},"size":0.1164819523692131,"orthographic":false}