{"cameraMode":{"drawMode":0,"name":"Shaded","section":"Shading Mode"},"sceneLighting":true,"audioPlay":false,"sceneViewState":{"m_AlwaysRefresh":false,"showFog":true,"showSkybox":true,"showFlares":true,"showImageEffects":true,"showParticleSystems":true,"showVisualEffectGraphs":true,"m_FxEnabled":true},"in2DMode":false,"pivot":{"x":-1.938125729560852,"y":1.9280924797058106,"z":-9.919652938842774},"rotation":{"x":0.1740061640739441,"y":-0.004431414417922497,"z":0.0007830554968677461,"w":0.9847345948219299},"size":15.308141708374024,"orthographic":true}