{"cameraMode":{"drawMode":0,"name":"Shaded","section":"Shading Mode"},"sceneLighting":false,"audioPlay":false,"sceneViewState":{"m_AlwaysRefresh":true,"showFog":true,"showSkybox":false,"showFlares":true,"showImageEffects":true,"showParticleSystems":true,"showVisualEffectGraphs":true,"m_FxEnabled":true},"in2DMode":false,"pivot":{"x":-4.065489768981934,"y":1.4053823947906495,"z":-8.652827262878418},"rotation":{"x":0.07267490029335022,"y":0.06729191541671753,"z":-0.0048424541018903259,"w":0.9951382279396057},"size":1.1161669492721558,"orthographic":true}