{"cameraMode":{"drawMode":0,"name":"Shaded","section":"Shading Mode"},"sceneLighting":true,"audioPlay":false,"sceneViewState":{"m_AlwaysRefresh":false,"showFog":true,"showSkybox":false,"showFlares":true,"showImageEffects":true,"showParticleSystems":true,"showVisualEffectGraphs":true,"m_FxEnabled":true},"in2DMode":false,"pivot":{"x":-4.965999603271484,"y":2.0399999618530275,"z":-13.257221221923829},"rotation":{"x":0.1740061640739441,"y":-0.004431414417922497,"z":0.0007830554968677461,"w":0.9847345948219299},"size":0.8660253882408142,"orthographic":true}