{"cameraMode":{"drawMode":0,"name":"Shaded","section":"Shading Mode"},"sceneLighting":false,"audioPlay":false,"sceneViewState":{"m_AlwaysRefresh":true,"showFog":true,"showSkybox":false,"showFlares":true,"showImageEffects":true,"showParticleSystems":true,"showVisualEffectGraphs":true,"m_FxEnabled":true},"in2DMode":false,"pivot":{"x":-0.13140049576759339,"y":0.1246490478515625,"z":0.41493773460388186},"rotation":{"x":0.23578064143657685,"y":0.06174510344862938,"z":0.014953404664993286,"w":-0.9697694182395935},"size":0.7616528868675232,"orthographic":false}