{"cameraMode":{"drawMode":0,"name":"Shaded","section":"Shading Mode"},"sceneLighting":false,"audioPlay":false,"sceneViewState":{"m_AlwaysRefresh":true,"showFog":true,"showSkybox":false,"showFlares":true,"showImageEffects":true,"showParticleSystems":true,"showVisualEffectGraphs":true,"m_FxEnabled":true},"in2DMode":false,"pivot":{"x":-5.0764055252075199,"y":1.0639899969100953,"z":-13.574477195739746},"rotation":{"x":0.08136721700429917,"y":-0.15779279172420503,"z":0.013047410175204277,"w":0.9840303659439087},"size":0.13001155853271485,"orthographic":true}