{"cameraMode":{"drawMode":0,"name":"Shaded","section":"Shading Mode"},"sceneLighting":false,"audioPlay":false,"sceneViewState":{"m_AlwaysRefresh":true,"showFog":true,"showSkybox":false,"showFlares":true,"showImageEffects":true,"showParticleSystems":true,"showVisualEffectGraphs":true,"m_FxEnabled":true},"in2DMode":false,"pivot":{"x":-0.04225720837712288,"y":-0.0004969043657183647,"z":0.01399949099868536},"rotation":{"x":-0.2584194839000702,"y":0.2923707067966461,"z":-0.08206675946712494,"w":-0.9173522591590881},"size":0.009916582144796849,"orthographic":false}