{"cameraMode":{"drawMode":0,"name":"Shaded","section":"Shading Mode"},"sceneLighting":true,"audioPlay":false,"sceneViewState":{"m_AlwaysRefresh":true,"showFog":true,"showSkybox":true,"showFlares":true,"showImageEffects":true,"showParticleSystems":true,"showVisualEffectGraphs":true,"m_FxEnabled":true},"in2DMode":false,"pivot":{"x":-5.304900646209717,"y":-3.1863293647766115,"z":-13.017980575561524},"rotation":{"x":-0.2415180504322052,"y":0.46908023953437807,"z":-0.13535313308238984,"w":-0.8387369513511658},"size":0.26149025559425356,"orthographic":false}